{
  "memes": [
    {
      "file": "6016fff109a3ee6a2c60d2ef.png",
      "contents": [
        {
          "version": "4.3.1",
          "objects": [
            {
              "type": "image",
              "version": "4.3.1",
              "originX": "left",
              "originY": "top",
              "left": 0,
              "top": 0,
              "width": 615,
              "height": 345,
              "fill": "rgb(255,0,0)",
              "stroke": null,
              "strokeWidth": 0,
              "strokeDashArray": null,
              "strokeLineCap": "butt",
              "strokeDashOffset": 0,
              "strokeLineJoin": "miter",
              "strokeUniform": false,
              "strokeMiterLimit": 4,
              "scaleX": 1,
              "scaleY": 1,
              "angle": 0,
              "flipX": false,
              "flipY": false,
              "opacity": 1,
              "shadow": null,
              "visible": true,
              "backgroundColor": "",
              "fillRule": "nonzero",
              "paintFirst": "fill",
              "globalCompositeOperation": "source-over",
              "skewX": 0,
              "skewY": 0,
              "cropX": 0,
              "cropY": 0,
              "id": "TEMPLATE",
              "src": "6016fff109a3ee6a2c60d2ef.png",
              "crossOrigin": null,
              "filters": []
            },
            {
              "type": "textbox",
              "version": "4.3.1",
              "originX": "left",
              "originY": "top",
              "left": 163,
              "top": 29,
              "width": 500,
              "height": 135.59999999999997,
              "fill": "#ff0000",
              "stroke": null,
              "strokeWidth": 1,
              "strokeDashArray": null,
              "strokeLineCap": "butt",
              "strokeDashOffset": 0,
              "strokeLineJoin": "miter",
              "strokeUniform": false,
              "strokeMiterLimit": 4,
              "scaleX": 1,
              "scaleY": 1,
              "angle": 0,
              "flipX": false,
              "flipY": false,
              "opacity": 1,
              "shadow": {
                "color": "rgba(0,0,0,0.3)",
                "blur": 5,
                "offsetX": 5,
                "offsetY": 5,
                "affectStroke": false,
                "nonScaling": false
              },
              "visible": true,
              "backgroundColor": "",
              "fillRule": "nonzero",
              "paintFirst": "fill",
              "globalCompositeOperation": "source-over",
              "skewX": 0,
              "skewY": 0,
              "text": "First meme #1",
              "fontSize": 120,
              "fontWeight": "normal",
              "fontFamily": "Allan",
              "fontStyle": "normal",
              "lineHeight": 1.16,
              "underline": false,
              "overline": false,
              "linethrough": false,
              "textAlign": "center",
              "textBackgroundColor": "",
              "charSpacing": 0,
              "minWidth": 20,
              "splitByGrapheme": false,
              "styles": {}
            }
          ],
          "background": "transparent",
          "width": 615,
          "height": 345,
          "preserveObjectStacking": true,
          "enableRetinaScaling": true
        },
        {
          "version": "4.3.1",
          "objects": [
            {
              "type": "image",
              "version": "4.3.1",
              "originX": "left",
              "originY": "top",
              "left": 0,
              "top": 0,
              "width": 615,
              "height": 345,
              "fill": "rgb(255,0,0)",
              "stroke": null,
              "strokeWidth": 0,
              "strokeDashArray": null,
              "strokeLineCap": "butt",
              "strokeDashOffset": 0,
              "strokeLineJoin": "miter",
              "strokeUniform": false,
              "strokeMiterLimit": 4,
              "scaleX": 1,
              "scaleY": 1,
              "angle": 0,
              "flipX": false,
              "flipY": false,
              "opacity": 1,
              "shadow": null,
              "visible": true,
              "backgroundColor": "",
              "fillRule": "nonzero",
              "paintFirst": "fill",
              "globalCompositeOperation": "source-over",
              "skewX": 0,
              "skewY": 0,
              "cropX": 0,
              "cropY": 0,
              "id": "TEMPLATE",
              "src": "6016fff109a3ee6a2c60d2ef.png",
              "crossOrigin": null,
              "filters": []
            },
            {
              "type": "textbox",
              "version": "4.3.1",
              "originX": "left",
              "originY": "top",
              "left": 163,
              "top": 29,
              "width": 500,
              "height": 135.59999999999997,
              "fill": "#ff0000",
              "stroke": null,
              "strokeWidth": 1,
              "strokeDashArray": null,
              "strokeLineCap": "butt",
              "strokeDashOffset": 0,
              "strokeLineJoin": "miter",
              "strokeUniform": false,
              "strokeMiterLimit": 4,
              "scaleX": 1,
              "scaleY": 1,
              "angle": 0,
              "flipX": false,
              "flipY": false,
              "opacity": 1,
              "shadow": {
                "color": "rgba(0,0,0,0.3)",
                "blur": 5,
                "offsetX": 5,
                "offsetY": 5,
                "affectStroke": false,
                "nonScaling": false
              },
              "visible": true,
              "backgroundColor": "",
              "fillRule": "nonzero",
              "paintFirst": "fill",
              "globalCompositeOperation": "source-over",
              "skewX": 0,
              "skewY": 0,
              "text": "Second meme #2",
              "fontSize": 120,
              "fontWeight": "normal",
              "fontFamily": "Allan",
              "fontStyle": "normal",
              "lineHeight": 1.16,
              "underline": false,
              "overline": false,
              "linethrough": false,
              "textAlign": "center",
              "textBackgroundColor": "",
              "charSpacing": 0,
              "minWidth": 20,
              "splitByGrapheme": false,
              "styles": {}
            }
          ],
          "background": "transparent",
          "width": 615,
          "height": 345,
          "preserveObjectStacking": true,
          "enableRetinaScaling": true
        },
        {
          "version": "4.3.1",
          "objects": [
            {
              "type": "image",
              "version": "4.3.1",
              "originX": "left",
              "originY": "top",
              "left": 0,
              "top": 0,
              "width": 615,
              "height": 345,
              "fill": "rgb(0,0,0)",
              "stroke": null,
              "strokeWidth": 0,
              "strokeDashArray": null,
              "strokeLineCap": "butt",
              "strokeDashOffset": 0,
              "strokeLineJoin": "miter",
              "strokeUniform": false,
              "strokeMiterLimit": 4,
              "scaleX": 1,
              "scaleY": 1,
              "angle": 0,
              "flipX": false,
              "flipY": false,
              "opacity": 1,
              "shadow": null,
              "visible": true,
              "backgroundColor": "",
              "fillRule": "nonzero",
              "paintFirst": "fill",
              "globalCompositeOperation": "source-over",
              "skewX": 0,
              "skewY": 0,
              "cropX": 0,
              "cropY": 0,
              "id": "TEMPLATE",
              "src": "6016fff109a3ee6a2c60d2ef.png",
              "crossOrigin": null,
              "filters": []
            },
            {
              "type": "textbox",
              "version": "4.3.1",
              "originX": "left",
              "originY": "top",
              "left": 163,
              "top": 29,
              "width": 500,
              "height": 135.59999999999997,
              "fill": "#ff0000",
              "stroke": null,
              "strokeWidth": 1,
              "strokeDashArray": null,
              "strokeLineCap": "butt",
              "strokeDashOffset": 0,
              "strokeLineJoin": "miter",
              "strokeUniform": false,
              "strokeMiterLimit": 4,
              "scaleX": 1,
              "scaleY": 1,
              "angle": 0,
              "flipX": false,
              "flipY": false,
              "opacity": 1,
              "shadow": {
                "color": "rgba(0,0,0,0.3)",
                "blur": 5,
                "offsetX": 5,
                "offsetY": 5,
                "affectStroke": false,
                "nonScaling": false
              },
              "visible": true,
              "backgroundColor": "",
              "fillRule": "nonzero",
              "paintFirst": "fill",
              "globalCompositeOperation": "source-over",
              "skewX": 0,
              "skewY": 0,
              "text": "3",
              "fontSize": 120,
              "fontWeight": "normal",
              "fontFamily": "Allan",
              "fontStyle": "normal",
              "lineHeight": 1.16,
              "underline": false,
              "overline": false,
              "linethrough": false,
              "textAlign": "center",
              "textBackgroundColor": "",
              "charSpacing": 0,
              "minWidth": 20,
              "splitByGrapheme": false,
              "styles": {}
            }
          ],
          "background": "transparent",
          "width": 615,
          "height": 345,
          "preserveObjectStacking": true,
          "enableRetinaScaling": true
        }
      ]
    },
    {
      "file": "601c933ef38ef5540ce24507.jpg",
      "contents": [
        {
          "version": "4.3.1",
          "objects": [
            {
              "type": "image",
              "version": "4.3.1",
              "originX": "left",
              "originY": "top",
              "left": 0,
              "top": 0,
              "width": 600,
              "height": 400,
              "fill": "rgb(0,0,0)",
              "stroke": null,
              "strokeWidth": 0,
              "strokeDashArray": null,
              "strokeLineCap": "butt",
              "strokeDashOffset": 0,
              "strokeLineJoin": "miter",
              "strokeUniform": false,
              "strokeMiterLimit": 4,
              "scaleX": 1,
              "scaleY": 1,
              "angle": 0,
              "flipX": false,
              "flipY": false,
              "opacity": 1,
              "shadow": null,
              "visible": true,
              "backgroundColor": "",
              "fillRule": "nonzero",
              "paintFirst": "fill",
              "globalCompositeOperation": "source-over",
              "skewX": 0,
              "skewY": 0,
              "cropX": 0,
              "cropY": 0,
              "id": "TEMPLATE",
              "src": "601c933ef38ef5540ce24507.jpg",
              "crossOrigin": null,
              "filters": []
            },
            {
              "type": "textbox",
              "version": "4.3.1",
              "originX": "left",
              "originY": "top",
              "left": -122,
              "top": 275,
              "width": 500,
              "height": 135.59999999999997,
              "fill": "#ff0000",
              "stroke": null,
              "strokeWidth": 1,
              "strokeDashArray": null,
              "strokeLineCap": "butt",
              "strokeDashOffset": 0,
              "strokeLineJoin": "miter",
              "strokeUniform": false,
              "strokeMiterLimit": 4,
              "scaleX": 1,
              "scaleY": 1,
              "angle": 0,
              "flipX": false,
              "flipY": false,
              "opacity": 1,
              "shadow": {
                "color": "rgba(0,0,0,0.3)",
                "blur": 5,
                "offsetX": 5,
                "offsetY": 5,
                "affectStroke": false,
                "nonScaling": false
              },
              "visible": true,
              "backgroundColor": "",
              "fillRule": "nonzero",
              "paintFirst": "fill",
              "globalCompositeOperation": "source-over",
              "skewX": 0,
              "skewY": 0,
              "text": "PSST",
              "fontSize": 120,
              "fontWeight": "normal",
              "fontFamily": "Allan",
              "fontStyle": "normal",
              "lineHeight": 1.16,
              "underline": false,
              "overline": false,
              "linethrough": false,
              "textAlign": "center",
              "textBackgroundColor": "",
              "charSpacing": 0,
              "minWidth": 20,
              "splitByGrapheme": false,
              "styles": {}
            }
          ],
          "background": "transparent",
          "width": 600,
          "height": 400,
          "preserveObjectStacking": true,
          "enableRetinaScaling": true
        }
      ]
    }
  ]
}
